{
  "properties": {
    "connectionReferences": {
      "shared_sharepointonline": {
        "runtimeSource": "invoker",
        "connection": {
          "connectionReferenceLogicalName": "tvm_SPOConnection"
        },
        "api": {
          "name": "shared_sharepointonline"
        }
      }
    },
    "definition": {
      "$schema": "https://schema.management.azure.com/providers/Microsoft.Logic/schemas/2016-06-01/workflowdefinition.json#",
      "contentVersion": "1.0.0.0",
      "parameters": {
        "$connections": {
          "defaultValue": {},
          "type": "Object"
        },
        "$authentication": {
          "defaultValue": {},
          "type": "SecureObject"
        },
        "SPO Site (tvm_SPOSite)": {
          "defaultValue": "https://crm929744.sharepoint.com/sites/DemoSIte",
          "type": "String",
          "metadata": {
            "schemaName": "tvm_SPOSite"
          }
        },
        "SPO List (tvm_SPOList)": {
          "defaultValue": "d9e2f238-1ec4-48fd-a5d2-481601842881",
          "type": "String",
          "metadata": {
            "schemaName": "tvm_SPOList"
          }
        }
      },
      "triggers": {
        "manual": {
          "metadata": {
            "operationMetadataId": "a49fa4a5-a41f-46a4-9645-f145a21f4b70"
          },
          "type": "Request",
          "kind": "Button",
          "inputs": {
            "schema": {
              "type": "object",
              "properties": {
                "text": {
                  "title": "Input",
                  "type": "string",
                  "x-ms-dynamically-added": true,
                  "description": "Name",
                  "x-ms-content-hint": "TEXT"
                }
              },
              "required": [
                "text"
              ]
            },
            "headersSchema": {
              "x-ms-user-timestamp": {
                "title": "Timestamp",
                "type": "string",
                "x-ms-dynamically-added": false
              }
            }
          }
        }
      },
      "actions": {
        "Create_item": {
          "runAfter": {},
          "metadata": {
            "operationMetadataId": "0e2fcc56-5e61-4529-a5c7-1917c0eefdcb"
          },
          "type": "OpenApiConnection",
          "inputs": {
            "host": {
              "connectionName": "shared_sharepointonline",
              "operationId": "PostItem",
              "apiId": "/providers/Microsoft.PowerApps/apis/shared_sharepointonline"
            },
            "parameters": {
              "dataset": "@parameters('SPO Site (tvm_SPOSite)')",
              "table": "@parameters('SPO List (tvm_SPOList)')",
              "item/Title": "@{triggerBody()['text']}-@{triggerOutputs()['headers']['x-ms-user-timestamp']}"
            },
            "authentication": {
              "type": "Raw",
              "value": "@json(decodeBase64(triggerOutputs().headers['X-MS-APIM-Tokens']))['$ConnectionKey']"
            }
          }
        }
      }
    },
    "templateName": ""
  },
  "schemaVersion": "1.0.0.0"
}